"","genus","Species_name","Mating_System","M_mass","F_mass"
"2","Dromaius","Dromaius_novaehollandiae",1,32700,38300
"3","Apteryx","Apteryx_australis",2,2208,2535
"4","Apteryx","Apteryx_owenii",2,1135,1351
"5","Apteryx","Apteryx_haastii",2,2610,3270
"6","Tinamus","Tinamus_major",1,1059,991
"7","Nothoprocta","Nothoprocta_cinerascens",1,475,577
"8","Ortalis","Ortalis_vetula",2,584,542
"9","Ortalis","Ortalis_motmot",2,423,385
"11","Crax","Crax_rubra",2,4200,3685
"12","Alectura","Alectura_lathami",4,2450,2210
"13","Megapodius","Megapodius_reinwardt",2,1098,888
"15","Alectoris","Alectoris_graeca",2,700,575
"16","Alectoris","Alectoris_rufa",2,516,439
"17","Coturnix","Coturnix_coturnix",2,94.5,103
"18","Coturnix","Coturnix_pectoralis",2,97.9,106
"19","Coturnix","Coturnix_ypsilophora",2,98,103
"20","Coturnix","Coturnix_chinensis",2,41,35.6
"22","Gallus","Gallus_gallus",4,844,500
"23","Lophura","Lophura_leucomelanos",4,995,794
"24","Phasianus","Phasianus_colchicus",4,1186,989
"27","Lagopus","Lagopus_lagopus",2,635,555
"28","Lagopus","Lagopus_mutus",2,439,414
"29","Lagopus","Lagopus_leucurus",2,359,351
"31","Bonasa","Bonasa_umbellus",5,585,472
"32","Tympanuchus","Tympanuchus_phasianellus",5,953,817
"33","Tympanuchus","Tympanuchus_cupido",5,933,795
"34","Meleagris","Meleagris_gallopavo",5,7400,4222
"35","Numida","Numida_meleagris",2,1597,1578
"36","Callipepla","Callipepla_squamata",2,191,177
"37","Callipepla","Callipepla_californica",2,186.4,162
"38","Callipepla","Callipepla_gambelii",2,171.1,167.4
"39","Colinus","Colinus_virginianus",2,173,170
"41","Dendrocygna","Dendrocygna_eytoni",2,788,792
"42","Dendrocygna","Dendrocygna_bicolor",2,675,690
"43","Dendrocygna","Dendrocygna_arcuata",2,866,732
"44","Oxyura","Oxyura_maccoa",4,820,554
"45","Oxyura","Oxyura_australis",2,812,852
"46","Biziura","Biziura_lobata",5,2398,1551
"48","Cygnus","Cygnus_olor",2,11800,9670
"49","Cygnus","Cygnus_atratus",2,6200,5100
"50","Cygnus","Cygnus_melanocorypha",2,5400,4000
"51","Cygnus","Cygnus_cygnus",2,14000,8750
"52","Cygnus","Cygnus_columbianus",2,7258,6305
"53","Anser","Anser_albifrons",2,2853,2508
"54","Anser","Anser_anser",2,3692,3237
"55","Anser","Anser_caerulescens",2,2744,2517
"56","Branta","Branta_sandvicensis",2,2010,1930
"57","Branta","Branta_canadensis",2,3814,3314
"58","Branta","Branta_leucopsis",2,1788,1586
"59","Branta","Branta_bernicla",2,1370,1230
"60","Cereopsis","Cereopsis_novaehollandiae",2,5290,3770
"61","Tadorna","Tadorna_tadornoides",2,1559,1291
"62","Tadorna","Tadorna_variegata",2,1712,1387
"63","Tadorna","Tadorna_radjah",2,934,839
"65","Cairina","Cairina_moschata",4,3000,1250
"66","Nettapus","Nettapus_pulchellus",2,310,304
"67","Nettapus","Nettapus_coromandelianus",2,282,220
"68","Aix","Aix_sponsa",2,680,671
"71","Anas","Anas_americana",2,821,766
"72","Anas","Anas_rubripes",2,1252,1111
"73","Anas","Anas_platyrhynchos",2,1210,1113
"74","Anas","Anas_superciliosa",2,1059,1013
"75","Anas","Anas_discors",2,478,451
"76","Anas","Anas_rhynchotis",2,667,665
"77","Anas","Anas_clypeata",2,636,590
"78","Anas","Anas_gracilis",2,508,469
"79","Anas","Anas_castanea",2,683,593
"80","Anas","Anas_aucklandica",2,521,410
"81","Anas","Anas_acuta",2,1025,866
"82","Anas","Anas_eatoni",2,497,441
"83","Anas","Anas_georgica",2,632,535
"84","Anas","Anas_crecca",2,322,308
"86","Aythya","Aythya_valisineria",2,1252,1156
"87","Aythya","Aythya_collaris",2,744,671
"88","Aythya","Aythya_novaeseelandiae",2,677,687
"89","Aythya","Aythya_marila",2,1052,975
"90","Aythya","Aythya_affinis",2,825,748
"91","Somateria","Somateria_mollissima",2,2218,1915
"92","Histrionicus","Histrionicus_histrionicus",2,653,553
"94","Melanitta","Melanitta_nigra",2,1100,800
"95","Melanitta","Melanitta_fusca",2,1794,1730
"96","Bucephala","Bucephala_albeola",2,481,367
"97","Mergus","Mergus_serrator",2,1135,908
"98","Mergus","Mergus_merganser",2,1709,1232
"99","Turnix","Turnix_sylvatica",1,36,51
"100","Turnix","Turnix_maculosa",1,33.9,45.2
"101","Turnix","Turnix_suscitator",1,44,58
"102","Turnix","Turnix_melanogaster",1,65.3,100.5
"103","Turnix","Turnix_varia",1,82,111
"104","Turnix","Turnix_pyrrhothorax",1,37.1,56.2
"105","Turnix","Turnix_velox",1,37,53
"106","Jynx","Jynx_torquilla",2,38.8,35.9
"107","Melanerpes","Melanerpes_herminieri",2,NA,NA
"108","Melanerpes","Melanerpes_erythrocephalus",2,NA,NA
"109","Melanerpes","Melanerpes_formicivorus",2,80.9,77.2
"110","Melanerpes","Melanerpes_carolinus",2,77.3,63.6
"111","Melanerpes","Melanerpes_aurifrons",2,85.4,76.4
"113","Picoides","Picoides_scalaris",2,NA,NA
"114","Picoides","Picoides_pubescens",2,27.8,28.6
"115","Picoides","Picoides_villosus",2,69.8,61.2
"116","Picoides","Picoides_arcticus",2,78,68
"117","Colaptes","Colaptes_auratus",2,139.6,131.8
"118","Capito","Capito_niger",2,70,63
"119","Aulacorhynchus","Aulacorhynchus_prasinus",2,180,170
"121","Notharchus","Notharchus_macrorhynchos",2,120,125
"122","Pharomachrus","Pharomachrus_auriceps",2,177,151
"123","Trogon","Trogon_melanurus",2,112,NA
"124","Eurystomus","Eurystomus_orientalis",2,126.4,135.5
"126","Baryphthengus","Baryphthengus_martii",2,159.2,155.7
"127","Dacelo","Dacelo_novaeguineae",2,307.2,352.1
"128","Dacelo","Dacelo_leachii",2,283.9,334.5
"133","Megaceryle","Megaceryle_alcyon",2,143.6,151.6
"135","Chloroceryle","Chloroceryle_americana",2,30.3,33.8
"136","Merops","Merops_ornatus",2,29.8,26.1
"137","Merops","Merops_apiaster",2,55.8,54.4
"138","Colius","Colius_striatus",2,54,55.5
"140","Eudynamys","Eudynamys_scolopacea",2,261.9,257
"141","Eudynamys","Eudynamys_taitensis",5,110.4,124.2
"142","Centropus","Centropus_phasianinus",2,302.1,444.9
"143","Coccyzus","Coccyzus_erythropthalmus",2,45.8,55.5
"144","Coccyzus","Coccyzus_americanus",2,58.8,62.6
"145","Crotophaga","Crotophaga_sulcirostris",2,79,70
"146","Guira","Guira_guira",2,139,130
"147","Geococcyx","Geococcyx_californianus",2,319.1,286.3
"148","Trichoglossus","Trichoglossus_haematodus",2,135.7,128.4
"149","Trichoglossus","Trichoglossus_chlorolepidotus",2,88.4,85.3
"151","Glossopsitta","Glossopsitta_concinna",2,79,73.4
"152","Glossopsitta","Glossopsitta_porphyrocephala",2,44.3,45.5
"154","Calyptorhynchus","Calyptorhynchus_latirostris",2,649.7,612
"155","Calyptorhynchus","Calyptorhynchus_funereus",2,731,800
"156","Calyptorhynchus","Calyptorhynchus_banksii",2,740.9,738.6
"157","Calyptorhynchus","Calyptorhynchus_lathami",2,462.5,405.4
"160","Cacatua","Cacatua_leadbeateri",2,424,392
"161","Cacatua","Cacatua_galerita",2,815,764.5
"162","Cacatua","Cacatua_sanguinea",2,562.2,487.8
"163","Cacatua","Cacatua_pastinator",2,610,551.3
"164","Cacatua","Cacatua_tenuirostris",2,588,546
"168","Cyclopsitta","Cyclopsitta_diophthalma",2,37,NA
"169","Eclectus","Eclectus_roratus",2,561.5,560.8
"170","Alisterus","Alisterus_scapularis",2,221.5,242.9
"171","Aprosmictus","Aprosmictus_erythropterus",2,134.7,137
"172","Polytelis","Polytelis_swainsonii",2,153.1,154.3
"173","Polytelis","Polytelis_anthopeplus",2,174.7,182.9
"174","Polytelis","Polytelis_alexandrae",3,96,112.3
"176","Platycercus","Platycercus_caledonicus",2,148.6,118.1
"177","Platycercus","Platycercus_elegans",2,140,125.3
"178","Platycercus","Platycercus_adscitus",2,110.4,113.4
"179","Platycercus","Platycercus_eximius",2,103.8,104.1
"181","Psephotus","Psephotus_haematonotus",2,61.4,61.5
"182","Psephotus","Psephotus_varius",2,61.7,60.6
"183","Psephotus","Psephotus_dissimilis",2,52.8,43.5
"184","Psephotus","Psephotus_chrysopterygius",2,41.5,NA
"185","Psephotus","Psephotus_pulcherrimus",2,NA,NA
"186","Cyanoramphus","Cyanoramphus_unicolor",2,167.1,133.1
"187","Cyanoramphus","Cyanoramphus_novaezelandiae",2,82.1,67.9
"188","Neopsephotus","Neopsephotus_bourkii",2,46,42.9
"189","Neophema","Neophema_chrysostoma",2,45.7,47.8
"190","Neophema","Neophema_petrophila",2,53,53.5
"191","Neophema","Neophema_chrysogaster",2,NA,NA
"192","Neophema","Neophema_pulchella",2,42.7,40.1
"194","Melopsittacus","Melopsittacus_undulatus",2,29.3,28.8
"195","Pezoporus","Pezoporus_wallicus",2,78,79
"197","Brotogeris","Brotogeris_cyanoptera",2,73.4,59.5
"201","Apus","Apus_apus",2,39,40.3
"202","Phaethornis","Phaethornis_superciliosus",5,6,5.5
"203","Coeligena","Coeligena_coeligena",4,6.7,6.2
"204","Sappho","Sappho_sparganura",4,5.5,4.8
"205","Archilochus","Archilochus_colubris",4,3.4,3.8
"206","Calypte","Calypte_anna",5,4.5,4
"207","Tyto","Tyto_tenebricosa",2,492,887
"208","Tyto","Tyto_multipunctata",2,369,558
"209","Tyto","Tyto_novaehollandiae",2,475.8,630.4
"210","Tyto","Tyto_alba",2,314,392
"211","Bubo","Bubo_bubo",2,2380,2992
"212","Strix","Strix_aluco",2,397,486
"213","Strix","Strix_uralensis",2,590,870
"214","Strix","Strix_nebulosa",2,884,1186
"215","Strix","Strix_virgata",2,NA,NA
"216","Surnia","Surnia_ulula",2,270,320
"217","Aegolius","Aegolius_funereus",2,101,167
"218","Ninox","Ninox_strenua",2,1447.2,1252.5
"219","Ninox","Ninox_connivens",2,694.5,591.8
"220","Ninox","Ninox_boobook",2,248,300
"221","Ninox","Ninox_novaeseelandiae",2,189.8,214.3
"222","Asio","Asio_otus",2,233,278
"223","Asio","Asio_flammeus",2,278,312
"224","Aegotheles","Aegotheles_cristatus",2,44,44
"225","Podargus","Podargus_strigoides",2,308,298
"226","Podargus","Podargus_papuensis",2,383,341
"227","Podargus","Podargus_ocellatus",2,265,209.5
"228","Nyctibius","Nyctibius_griseus",2,242,180
"229","Eurostopodus","Eurostopodus_mystacalis",2,104,NA
"232","Caprimulgus","Caprimulgus_macrurus",2,64.4,70.2
"233","Uropsalis","Uropsalis_segmentata",2,40.2,43.5
"234","Columba","Columba_livia",2,294,267
"235","Columba","Columba_palumbus",2,505,497
"236","Columba","Columba_leucocephala",2,237.9,236.7
"237","Columba","Columba_speciosa",2,NA,NA
"238","Columba","Columba_fasciata",2,352,331.4
"239","Columba","Columba_flavirostris",2,NA,NA
"240","Streptopelia","Streptopelia_senegalensis",2,104.4,98.4
"241","Streptopelia","Streptopelia_chinensis",2,163.6,157.2
"242","Streptopelia","Streptopelia_decaocto",2,197,189
"243","Phaps","Phaps_chalcoptera",2,347.5,329.5
"245","Geopelia","Geopelia_striata",2,49.4,45
"246","Geopelia","Geopelia_humeralis",2,133.1,124.2
"247","Zenaida","Zenaida_macroura",2,130,123
"248","Zenaida","Zenaida_aurita",2,NA,NA
"249","Zenaida","Zenaida_asiatica",2,NA,NA
"252","Claravis","Claravis_pretiosa",2,71.8,67.6
"253","Ptilinopus","Ptilinopus_magnificus",2,480,429
"254","Ptilinopus","Ptilinopus_superbus",2,120,115
"255","Ptilinopus","Ptilinopus_regina",2,110.3,93.8
"256","Ducula","Ducula_bicolor",2,468.1,444.1
"257","Ducula","Ducula_spilorrhoa",2,468.1,441.1
"258","Hemiphaga","Hemiphaga_novaeseelandiae",2,624,651.8
"267","Gallirallus","Gallirallus_australis",2,1034,753
"268","Gallirallus","Gallirallus_sylvestris",2,536,456
"269","Rallus","Rallus_elegans",2,NA,NA
"270","Rallus","Rallus_limicola",2,89.4,69.3
"274","Porzana","Porzana_fluminea",2,65.6,57.3
"275","Porzana","Porzana_tabuensis",2,47.7,37.4
"276","Porzana","Porzana_cinerea",2,NA,NA
"277","Porphyrio","Porphyrio_porphyrio",2,869,724
"278","Porphyrio","Porphyrio_mantelli",2,2673,2268
"279","Gallinula","Gallinula_chloropus",2,359,338
"280","Gallinula","Gallinula_tenebrosa",2,570,493
"281","Gallinula","Gallinula_mortierii",2,1334,1251
"282","Attagis","Attagis_gayi",2,311,NA
"283","Thinocorus","Thinocorus_orbignyianus",2,134,125
"285","Scolopax","Scolopax_minor",5,168.4,210.5
"286","Coenocorypha","Coenocorypha_pusilla",2,75.9,85.4
"287","Coenocorypha","Coenocorypha_aucklandica",3,101.2,116.1
"288","Limosa","Limosa_limosa",2,264,315
"289","Limosa","Limosa_haemastica",2,222,289
"290","Limosa","Limosa_lapponica",2,313,354
"291","Limosa","Limosa_fedoa",2,320,421
"292","Numenius","Numenius_phaeopus",2,368,398
"293","Tringa","Tringa_melanoleuca",2,164,176
"294","Tringa","Tringa_flavipes",2,80,83.7
"295","Tringa","Tringa_solitaria",2,45.1,52.1
"296","Tringa","Tringa_glareola",2,62,73
"297","Tringa","Tringa_macularia",1,36.9,48
"298","Arenaria","Arenaria_interpres",2,108,113
"299","Limnodromus","Limnodromus_griseus",2,111,116
"300","Limnodromus","Limnodromus_scolopaceus",2,100,109
"301","Calidris","Calidris_canutus",2,126,148
"302","Calidris","Calidris_alba",1,52.8,55.4
"303","Calidris","Calidris_pusilla",2,25,27
"304","Calidris","Calidris_mauri",2,28,31
"305","Calidris","Calidris_minuta",1,24,27.1
"306","Calidris","Calidris_ruficollis",2,25.7,26.6
"307","Calidris","Calidris_temminckii",1,24.3,27.8
"308","Calidris","Calidris_minutilla",2,20.3,22.2
"309","Calidris","Calidris_fuscicollis",4,39.7,45.8
"310","Calidris","Calidris_bairdii",2,39.3,39.7
"311","Calidris","Calidris_melanotos",5,97.8,65.1
"312","Calidris","Calidris_acuminata",4,70.3,63.5
"313","Calidris","Calidris_maritima",2,67.6,76.3
"314","Calidris","Calidris_ptilocnemis",2,76.3,83
"315","Calidris","Calidris_alpina",2,41,45.1
"320","Phalaropus","Phalaropus_lobatus",1,32.4,37.4
"321","Phalaropus","Phalaropus_fulicaria",1,50.8,61
"322","Rostratula","Rostratula_benghalensis",1,146,159
"323","Irediparra","Irediparra_gallinacea",1,84,143
"324","Jacana","Jacana_spinosa",1,86.9,145.4
"325","Chionis","Chionis_alba",2,735,638
"326","Chionis","Chionis_minor",2,625,551
"327","Burhinus","Burhinus_grallarius",2,671.5,625.3
"328","Haematopus","Haematopus_ostralegus",2,500,536
"329","Haematopus","Haematopus_finschi",2,517,554
"330","Haematopus","Haematopus_bachmani",2,NA,NA
"331","Haematopus","Haematopus_palliatus",2,NA,NA
"332","Haematopus","Haematopus_longirostris",2,602.3,626.3
"333","Haematopus","Haematopus_unicolor",2,717,734
"334","Haematopus","Haematopus_fuliginosus",2,740.3,778.5
"335","Himantopus","Himantopus_novaezelandiae",2,219,227
"336","Pluvialis","Pluvialis_apricaria",2,175,176
"337","Pluvialis","Pluvialis_dominica",2,145,146
"338","Pluvialis","Pluvialis_squatarola",2,240.4,NA
"339","Charadrius","Charadrius_obscurus",2,160,110
"340","Charadrius","Charadrius_hiaticula",2,63.5,64.7
"341","Charadrius","Charadrius_semipalmatus",2,46.1,47.8
"342","Charadrius","Charadrius_dubius",2,38.3,39.2
"343","Charadrius","Charadrius_vociferus",2,92.1,101
"344","Charadrius","Charadrius_tricollaris",2,NA,NA
"345","Charadrius","Charadrius_marginatus",2,48.3,48.3
"346","Charadrius","Charadrius_ruficapillus",2,37.3,37.6
"347","Charadrius","Charadrius_bicinctus",2,58.8,58.4
"348","Charadrius","Charadrius_montanus",2,102,114
"349","Charadrius","Charadrius_rubricollis",2,NA,NA
"355","Elseyornis","Elseyornis_melanops",2,28.5,31.5
"356","Vanellus","Vanellus_tricolor",2,NA,NA
"357","Vanellus","Vanellus_miles",2,264.2,252.8
"358","Stiltia","Stiltia_isabella",2,66,65
"360","Stercorarius","Stercorarius_pomarinus",2,648,740
"361","Stercorarius","Stercorarius_parasiticus",2,361,408
"362","Stercorarius","Stercorarius_longicaudus",2,269.9,307.2
"363","Larus","Larus_pacificus",2,1550,1077
"364","Larus","Larus_canus",2,413,360
"365","Larus","Larus_delawarensis",3,566,471
"366","Larus","Larus_californicus",2,841,710
"367","Larus","Larus_marinus",2,1806,1407
"368","Larus","Larus_dominicanus",2,1080.7,935.3
"369","Larus","Larus_glaucescens",2,1180,946.1
"370","Larus","Larus_argentatus",2,977,813
"371","Larus","Larus_fuscus",2,880,755
"372","Larus","Larus_novaehollandiae",2,313,264
"373","Rissa","Rissa_tridactyla",2,443,393
"374","Sterna","Sterna_bergii",2,305.7,241.7
"375","Sterna","Sterna_striata",2,125.8,131.9
"376","Sterna","Sterna_sumatrana",2,106,106
"377","Sterna","Sterna_hirundo",2,124,126
"378","Sterna","Sterna_paradisaea",2,112,117
"379","Sterna","Sterna_anaethetus",2,NA,NA
"380","Sterna","Sterna_fuscata",2,NA,NA
"381","Chlidonias","Chlidonias_niger",2,61.8,58.7
"382","Anous","Anous_stolidus",2,196.4,172.3
"383","Anous","Anous_minutus",2,NA,97.5
"384","Gygis","Gygis_alba",2,142,135
"386","Uria","Uria_aalge",2,981,985
"387","Uria","Uria_lomvia",2,961,928
"389","Cepphus","Cepphus_grylle",2,376,386
"390","Cepphus","Cepphus_columba",2,487,483
"391","Synthliboramphus","Synthliboramphus_antiquus",2,206.3,205.7
"393","Fratercula","Fratercula_arctica",2,391,361
"394","Fratercula","Fratercula_corniculata",2,NA,NA
"396","Aviceda","Aviceda_subcristata",2,307,347
"399","Milvus","Milvus_migrans",2,807,850
"400","Haliastur","Haliastur_sphenurus",2,710,840
"401","Haliaeetus","Haliaeetus_leucogaster",2,2400,3330
"402","Gypaetus","Gypaetus_barbatus",2,4912.5,6175
"403","Circus","Circus_aeruginosus",2,500,669
"404","Circus","Circus_approximans",3,640,870
"405","Circus","Circus_assimilis",2,465,671
"406","Accipiter","Accipiter_novaehollandiae",2,356,720
"407","Accipiter","Accipiter_fasciatus",2,330,549
"408","Accipiter","Accipiter_cirrocephalus",2,129,231
"409","Accipiter","Accipiter_nisus",2,150,290
"410","Accipiter","Accipiter_gentilis",2,712,1140
"412","Buteo","Buteo_magnirostris",2,290,360.7
"413","Buteo","Buteo_platypterus",2,357,440
"414","Buteo","Buteo_jamaicensis",2,1028,1224
"415","Buteo","Buteo_buteo",2,790,966.5
"416","Buteo","Buteo_lagopus",2,824.6,1027
"417","Aquila","Aquila_chrysaetos",2,3572,5194
"418","Aquila","Aquila_audax",2,3130,3810
"419","Hieraaetus","Hieraaetus_fasciatus",2,1840,2545.6
"420","Hieraaetus","Hieraaetus_morphnoides",2,633,949
"421","Falco","Falco_berigora",2,506,681.4
"422","Falco","Falco_tinnunculus",2,213,252
"423","Falco","Falco_cenchroides",2,163,182
"424","Falco","Falco_sparverius",2,111,120
"425","Falco","Falco_columbarius",2,162,212
"426","Falco","Falco_novaeseelandiae",2,330,531
"427","Falco","Falco_subniger",2,643.5,797.6
"428","Falco","Falco_mexicanus",2,565,944
"429","Falco","Falco_peregrinus",2,579.2,865.6
"430","Tachybaptus","Tachybaptus_novaehollandiae",2,193,104.3
"434","Podiceps","Podiceps_nigricollis",2,333.5,255.5
"435","Phaethon","Phaethon_rubricauda",2,218.7,220.2
"436","Phaethon","Phaethon_lepturus",2,NA,NA
"437","Papasula","Papasula_abbotti",2,1472.6,1491.5
"438","Sula","Sula_dactylatra",2,2000,2533.3
"439","Sula","Sula_sula",2,928,1068
"440","Sula","Sula_leucogaster",2,1188.6,1343.6
"451","Egretta","Egretta_tricolor",2,296,229
"452","Egretta","Egretta_caerulea",2,364,315
"453","Egretta","Egretta_thula",2,NA,NA
"454","Egretta","Egretta_sacra",2,NA,NA
"455","Ardea","Ardea_herodias",2,2480,2110
"456","Ardea","Ardea_pacifica",2,NA,NA
"457","Ardea","Ardea_sumatrana",2,NA,2024
"460","Nycticorax","Nycticorax_nycticorax",2,682,590
"461","Nycticorax","Nycticorax_caledonicus",2,795,725
"462","Ixobrychus","Ixobrychus_exilis",2,78.2,82.7
"463","Threskiornis","Threskiornis_molucca",5,2005.9,1605.9
"464","Threskiornis","Threskiornis_spinicollis",2,1465,1237.5
"467","Fregata","Fregata_magnificens",2,1281,1667
"468","Fregata","Fregata_minor",2,1239,1630
"469","Fregata","Fregata_ariel",2,754,858
"470","Fregata","Fregata_andrewsi",2,1400,1550
"471","Aptenodytes","Aptenodytes_patagonicus",2,12800,11500
"472","Aptenodytes","Aptenodytes_forsteri",2,38200,29500
"473","Pygoscelis","Pygoscelis_papua",2,5860,5070
"474","Pygoscelis","Pygoscelis_adeliae",2,5350,4740
"475","Pygoscelis","Pygoscelis_antarctica",2,4435,3876
"476","Eudyptes","Eudyptes_chrysocome",2,2500,2440
"477","Eudyptes","Eudyptes_pachyrhynchus",2,4530,4030
"478","Eudyptes","Eudyptes_chrysolophus",2,4760,5210
"479","Eudyptes","Eudyptes_schlegeli",2,NA,NA
"481","Eudyptula","Eudyptula_minor",2,1243.7,1085.2
"482","Gavia","Gavia_stellata",2,1729,1477
"483","Gavia","Gavia_arctica",2,3355,2254
"484","Gavia","Gavia_immer",2,5460,4500
"485","Gavia","Gavia_adamsii",2,4900,5212.5
"486","Macronectes","Macronectes_giganteus",2,5140,4220
"487","Macronectes","Macronectes_halli",2,4902,3724
"488","Fulmarus","Fulmarus_glacialis",2,884,706
"489","Fulmarus","Fulmarus_glacialoides",2,845,745
"493","Pterodroma","Pterodroma_inexpectata",2,302,225.1
"494","Pterodroma","Pterodroma_macroptera",2,668,667
"495","Pachyptila","Pachyptila_turtur",2,141.4,136.8
"496","Procellaria","Procellaria_parkinsoni",2,723,682
"497","Procellaria","Procellaria_westlandica",2,1232.5,1176
"502","Pelecanoides","Pelecanoides_urinatrix",2,110.3,101
"503","Diomedea","Diomedea_exulans",2,9110,7270
"504","Diomedea","Diomedea_epomophora",2,8840,7560
"505","Diomedea","Diomedea_melanophris",2,3710,3170
"506","Diomedea","Diomedea_chrysostoma",2,3900,3870
"507","Diomedea","Diomedea_bulleri",2,3120,2780
"508","Phoebetria","Phoebetria_fusca",2,2800,2700
"509","Oceanites","Oceanites_oceanicus",2,33.6,36.2
"510","Pelagodroma","Pelagodroma_marina",2,40.2,41.4
"511","Fregetta","Fregetta_tropica",2,51.7,54.2
"516","Pitta","Pitta_iris",2,62.3,67
"519","Myiopagis","Myiopagis_gaimardii",2,12,NA
"520","Myiopagis","Myiopagis_viridicata",2,14,NA
"521","Elaenia","Elaenia_flavogaster",2,24,NA
"523","Onychorhynchus","Onychorhynchus_coronatus",2,18.6,15.1
"524","Myiobius","Myiobius_barbatus",5,12,NA
"525","Contopus","Contopus_borealis",2,34.5,31.9
"526","Contopus","Contopus_sordidulus",2,12.8,12.2
"527","Contopus","Contopus_virens",2,NA,NA
"528","Empidonax","Empidonax_flaviventris",2,NA,NA
"529","Empidonax","Empidonax_virescens",2,12.8,12.8
"530","Empidonax","Empidonax_alnorum",2,13.2,13.8
"531","Empidonax","Empidonax_traillii",2,12.7,12.5
"532","Empidonax","Empidonax_minimus",2,11.1,10.2
"533","Empidonax","Empidonax_hammondii",2,10.6,10.3
"534","Empidonax","Empidonax_wrightii",2,NA,NA
"535","Empidonax","Empidonax_oberholseri",2,NA,NA
"536","Empidonax","Empidonax_affinis",2,NA,NA
"537","Empidonax","Empidonax_difficilis",2,NA,NA
"538","Sayornis","Sayornis_saya",2,NA,NA
"539","Sayornis","Sayornis_nigricans",2,19,17.5
"540","Pyrocephalus","Pyrocephalus_rubinus",2,12.4,13.4
"541","Colonia","Colonia_colonus",2,16.3,17.1
"543","Myiarchus","Myiarchus_tuberculifer",2,21,19
"544","Myiarchus","Myiarchus_cinerascens",2,28.7,27.2
"545","Myiarchus","Myiarchus_crinitus",2,NA,NA
"546","Myiarchus","Myiarchus_tyrannulus",2,44.5,43
"547","Myiarchus","Myiarchus_nugator",2,NA,NA
"548","Myiarchus","Myiarchus_sagrae",2,NA,NA
"549","Myiarchus","Myiarchus_antillarum",2,NA,NA
"550","Tyrannus","Tyrannus_melancholicus",2,36.5,38.6
"551","Tyrannus","Tyrannus_vociferans",2,45,41.4
"552","Tyrannus","Tyrannus_crassirostris",2,56.4,54.9
"553","Tyrannus","Tyrannus_forficatus",2,39.2,39.4
"554","Tyrannus","Tyrannus_savana",2,32,27.3
"555","Tyrannus","Tyrannus_tyrannus",2,42.8,41.6
"556","Tyrannus","Tyrannus_dominicensis",2,NA,NA
"557","Tyrannus","Tyrannus_caudifasciatus",2,NA,NA
"558","Myiodynastes","Myiodynastes_maculatus",2,43,NA
"559","Legatus","Legatus_leucophaius",2,23,NA
"562","Pipra","Pipra_filicauda",5,13.8,14
"563","Pipra","Pipra_mentalis",5,17.5,17.6
"564","Pipra","Pipra_erythrocephala",5,12.8,14.1
"565","Pipra","Pipra_coronata",5,8.1,8.5
"566","Chiroxiphia","Chiroxiphia_linearis",5,18.9,19.2
"567","Chiroxiphia","Chiroxiphia_pareola",5,16.3,17.4
"568","Chiroxiphia","Chiroxiphia_caudata",5,NA,NA
"569","Manacus","Manacus_manacus",5,18.5,16.8
"570","Thamnophilus","Thamnophilus_punctatus",2,22.5,20.4
"571","Cercomacra","Cercomacra_tyrannina",2,17.5,16.6
"572","Gymnopithys","Gymnopithys_leucaspis",2,25.9,25.5
"574","Margarornis","Margarornis_squamiger",2,18.1,18.2
"575","Dendrocincla","Dendrocincla_fuliginosa",2,46.6,38.6
"576","Formicarius","Formicarius_analis",2,62.4,61.1
"577","Formicarius","Formicarius_nigricapillus",2,77,NA
"581","Climacteris","Climacteris_affinis",2,21.9,21.4
"582","Climacteris","Climacteris_erythrops",2,23.6,22.7
"583","Climacteris","Climacteris_picumnus",2,35.3,34.5
"584","Climacteris","Climacteris_melanura",2,33.5,30.3
"585","Climacteris","Climacteris_rufa",2,34.6,30.8
"586","Menura","Menura_novaehollandiae",5,1099.7,860.2
"595","Malurus","Malurus_alboscapulatus",2,7.6,7.8
"596","Malurus","Malurus_melanocephalus",2,7.9,7.9
"597","Malurus","Malurus_leucopterus",2,7.6,7.2
"598","Malurus","Malurus_cyaneus",2,9.9,9.3
"599","Malurus","Malurus_splendens",2,10.6,9.6
"600","Malurus","Malurus_splendens_melanotus",2,9,8.7
"601","Malurus","Malurus_lamberti",2,8.2,8.1
"602","Malurus","Malurus_lamberti_assimilis",2,7.8,7.3
"603","Malurus","Malurus_amabilis",2,9.1,8.2
"604","Malurus","Malurus_elegans",2,9.9,9.3
"605","Malurus","Malurus_pulcherrimus",2,9.4,9
"606","Malurus","Malurus_coronatus",2,11.4,10.8
"607","Amytornis","Amytornis_striatus",2,20.6,18.9
"608","Amytornis","Amytornis_purnelli",2,22,20
"609","Myzomela","Myzomela_obscura",2,13.8,10.7
"610","Myzomela","Myzomela_erythrocephala",2,8,7.6
"611","Myzomela","Myzomela_sanguinolenta",2,7.9,7.7
"612","Myzomela","Myzomela_rosenbergii",2,NA,NA
"613","Certhionyx","Certhionyx_pectoralis",2,10.3,9.8
"614","Certhionyx","Certhionyx_niger",2,10,9.8
"615","Certhionyx","Certhionyx_variegatus",2,27.5,25.1
"618","Glycichaera","Glycichaera_fallax",2,9.8,9
"619","Trichodere","Trichodere_cockerelli",2,16.9,12.7
"620","Meliphaga","Meliphaga_montana",2,NA,NA
"621","Meliphaga","Meliphaga_analoga",2,NA,NA
"622","Meliphaga","Meliphaga_gracilis",2,15.1,14.1
"623","Meliphaga","Meliphaga_notata",2,26.9,23.4
"624","Meliphaga","Meliphaga_lewinii",2,40.2,33.9
"625","Lichenostomus","Lichenostomus_chrysops",2,17.6,16.6
"626","Lichenostomus","Lichenostomus_virescens",2,28.2,24.9
"627","Lichenostomus","Lichenostomus_flavus",2,23.4,21.4
"628","Lichenostomus","Lichenostomus_unicolor",2,32.4,29.1
"629","Lichenostomus","Lichenostomus_leucotis",2,26.2,19.9
"630","Lichenostomus","Lichenostomus_flavicollis",4,33.1,27.6
"631","Lichenostomus","Lichenostomus_melanops",2,34.1,30.6
"632","Lichenostomus","Lichenostomus_cratitius",2,21.9,18.9
"633","Lichenostomus","Lichenostomus_flavescens",2,12.9,12
"634","Lichenostomus","Lichenostomus_fuscus",2,19.3,16.2
"635","Lichenostomus","Lichenostomus_ornatus",2,18.4,16.9
"636","Lichenostomus","Lichenostomus_penicillatus",2,20.6,18.2
"637","Xanthotis","Xanthotis_flaviventer",2,39,32.4
"638","Xanthotis","Xanthotis_polygramma",2,NA,NA
"639","Xanthotis","Xanthotis_macleayana",2,33.1,28
"640","Melithreptus","Melithreptus_lunatus",2,14,13.4
"641","Melithreptus","Melithreptus_affinis",2,15.7,15.1
"642","Melithreptus","Melithreptus_albogularis",2,11.6,10.5
"643","Melithreptus","Melithreptus_validirostris",2,26.4,23.3
"644","Melithreptus","Melithreptus_brevirostris",2,12.5,13.3
"645","Notiomystis","Notiomystis_cincta",2,40.2,30.3
"647","Philemon","Philemon_meyeri",2,NA,NA
"648","Philemon","Philemon_citreogularis",2,62.6,58.6
"649","Philemon","Philemon_buceroides",2,101.2,90.7
"650","Philemon","Philemon_argenticeps",2,85.4,75.6
"651","Philemon","Philemon_corniculatus",2,105.8,95.7
"662","Conopophila","Conopophila_albogularis",2,11.9,11.1
"663","Conopophila","Conopophila_rufogularis",2,11,10.6
"664","Grantiella","Grantiella_picta",2,22.8,18
"665","Xanthomyza","Xanthomyza_phrygia",2,43.7,36.6
"666","Acanthorhynchus","Acanthorhynchus_tenuirostris",2,10.6,9
"667","Acanthorhynchus","Acanthorhynchus_superciliosus",2,10.5,9
"669","Manorina","Manorina_melanophrys",2,32.3,28.6
"670","Manorina","Manorina_melanocephala",2,63.4,57.2
"671","Manorina","Manorina_flavigula",2,55.2,49.7
"673","Acanthagenys","Acanthagenys_rufogularis",2,47.1,41.4
"674","Anthochaera","Anthochaera_chrysoptera",2,77,59.7
"675","Anthochaera","Anthochaera_carunculata",2,114.1,98.7
"676","Anthochaera","Anthochaera_paradoxa",2,168.5,123.3
"677","Prosthemadera","Prosthemadera_novaeseelandiae",2,124.9,89.6
"678","Epthianura","Epthianura_tricolor",2,10.8,10.6
"679","Epthianura","Epthianura_aurifrons",2,10.6,10.3
"680","Epthianura","Epthianura_crocea",2,9.3,9.1
"681","Epthianura","Epthianura_albifrons",2,13.3,13.2
"682","Pardalotus","Pardalotus_punctatus",2,8.6,8.9
"683","Pardalotus","Pardalotus_punctatus_xanthopygus",2,NA,NA
"684","Pardalotus","Pardalotus_quadragintus",2,11,10.4
"685","Pardalotus","Pardalotus_rubricatus",2,10.9,10.8
"686","Pardalotus","Pardalotus_striatus",2,11.9,12
"694","Sericornis","Sericornis_citreogularis",2,16.9,15.9
"695","Sericornis","Sericornis_frontalis",2,13.3,12.6
"696","Sericornis","Sericornis_beccarii",2,11.4,11
"697","Sericornis","Sericornis_nouhuysi",2,NA,NA
"698","Sericornis","Sericornis_magnirostris",2,9.9,9.5
"699","Sericornis","Sericornis_perspicillatus",2,NA,NA
"700","Sericornis","Sericornis_papuensis",2,NA,NA
"701","Sericornis","Sericornis_spilodera",2,NA,NA
"703","Pyrrholaemus","Pyrrholaemus_brunneus",2,12.2,11.4
"705","Calamanthus","Calamanthus_campestris",2,13.6,11.7
"707","Acanthiza","Acanthiza_pusilla",2,7.4,6.5
"708","Acanthiza","Acanthiza_pusilla_apicalis",2,NA,NA
"709","Acanthiza","Acanthiza_ewingii",2,7.2,6.7
"710","Acanthiza","Acanthiza_reguloides",2,7.7,7.4
"711","Acanthiza","Acanthiza_inornata",2,7.2,6.9
"712","Acanthiza","Acanthiza_chrysorrhoa",2,9.4,9.8
"713","Acanthiza","Acanthiza_uropygialis",2,6.5,6.2
"714","Acanthiza","Acanthiza_nana",2,6.5,6.3
"715","Acanthiza","Acanthiza_lineata",2,7.6,7.4
"716","Acanthiza","Acanthiza_robustirostris",2,6.2,5.9
"718","Gerygone","Gerygone_cinerea",2,NA,NA
"719","Gerygone","Gerygone_chloronotus",2,6.6,6.4
"720","Gerygone","Gerygone_olivacea",2,6.3,6.1
"721","Gerygone","Gerygone_chrysogaster",2,NA,NA
"722","Gerygone","Gerygone_magnirostris",2,7.5,6.7
"723","Gerygone","Gerygone_levigaster",2,6.4,5.9
"724","Gerygone","Gerygone_fusca",2,5.6,5.2
"725","Gerygone","Gerygone_mouki",2,5.2,5.3
"726","Gerygone","Gerygone_igata",2,6,6.3
"727","Gerygone","Gerygone_albofrontata",2,11.1,9.5
"730","Microeca","Microeca_fascinans",2,15.7,16.2
"731","Microeca","Microeca_flavigaster",2,11.2,10.7
"732","Microeca","Microeca_flavovirescens",2,NA,NA
"733","Microeca","Microeca_papuana",2,NA,NA
"735","Petroica","Petroica_multicolor",2,12.2,12.5
"736","Petroica","Petroica_macrocephala",2,10.8,10.6
"737","Petroica","Petroica_goodenovii",2,8.6,9.1
"738","Petroica","Petroica_phoenicea",2,13.3,13.8
"739","Petroica","Petroica_rosea",2,8.3,8
"740","Petroica","Petroica_rodinogaster",2,9.9,10.6
"741","Petroica","Petroica_australis",2,37.5,34.4
"742","Petroica","Petroica_traversi",2,NA,NA
"743","Melanodryas","Melanodryas_cucullata",2,24,23.2
"744","Melanodryas","Melanodryas_vittata",2,26.9,25.6
"745","Tregellasia","Tregellasia_leucops",2,15.9,13.8
"746","Tregellasia","Tregellasia_capito",2,14.4,12.2
"747","Eopsaltria","Eopsaltria_australis",2,22.2,18.3
"748","Eopsaltria","Eopsaltria_griseogularis",2,20.3,19.6
"749","Eopsaltria","Eopsaltria_georgiana",2,20.8,17.5
"750","Poecilodryas","Poecilodryas_hypoleuca",2,NA,NA
"751","Poecilodryas","Poecilodryas_superciliosa",2,21.8,18
"755","Drymodes","Drymodes_superciliaris",2,44,NA
"756","Drymodes","Drymodes_brunneopygia",2,36.8,31.1
"757","Orthonyx","Orthonyx_temminckii",2,61.3,55
"758","Orthonyx","Orthonyx_spaldingii",2,187.1,135.3
"759","Pomatostomus","Pomatostomus_temporalis",2,67.1,63
"760","Pomatostomus","Pomatostomus_superciliosus",2,44.4,42
"761","Pomatostomus","Pomatostomus_halli",2,40,39.9
"762","Pomatostomus","Pomatostomus_ruficeps",2,54.5,51
"763","Lanius","Lanius_cristatus",2,34.5,33.1
"764","Lanius","Lanius_schach",2,38,33
"765","Lanius","Lanius_collaris",2,41.8,39.8
"766","Vireo","Vireo_brevipennis",2,NA,NA
"767","Vireo","Vireo_bellii",2,10.3,9.3
"768","Vireo","Vireo_atricapillus",2,9.2,8.5
"769","Vireo","Vireo_nelsoni",2,NA,NA
"770","Vireo","Vireo_huttoni",2,10.8,11
"771","Vireo","Vireo_carmioli",2,NA,NA
"772","Vireo","Vireo_griseus",2,11.5,11.7
"773","Vireo","Vireo_pallens",2,NA,NA
"774","Vireo","Vireo_bairdi",2,NA,NA
"775","Vireo","Vireo_crassirostris",2,NA,NA
"776","Vireo","Vireo_caribaeus",2,NA,NA
"777","Vireo","Vireo_vicinior",2,12.1,12.7
"778","Vireo","Vireo_modestus",2,NA,NA
"779","Vireo","Vireo_latimeri",2,NA,NA
"780","Vireo","Vireo_solitarius",2,15.3,15.4
"781","Vireo","Vireo_flavifrons",2,NA,NA
"782","Vireo","Vireo_philadelphicus",2,NA,NA
"783","Vireo","Vireo_olivaceus",2,17.2,15.6
"784","Vireo","Vireo_altiloquus",2,NA,NA
"785","Vireo","Vireo_magister",2,NA,NA
"786","Vireo","Vireo_gilvus",2,11.3,12.1
"790","Psophodes","Psophodes_olivaceus",2,68.2,56
"791","Psophodes","Psophodes_nigrogularis",2,46,43.1
"792","Psophodes","Psophodes_cristatus",2,42.4,39.1
"793","Cinclosoma","Cinclosoma_punctatum",2,119.5,106.9
"794","Cinclosoma","Cinclosoma_castaneothorax",2,60.8,58.7
"795","Cinclosoma","Cinclosoma_cinnamomeum",2,59.1,56.7
"796","Cinclosoma","Cinclosoma_ajax",2,NA,NA
"800","Mohoua","Mohoua_albicilla",2,18,14
"801","Mohoua","Mohoua_ochrocephala",2,29.5,26
"802","Mohoua","Mohoua_novaeseelandiae",2,13.4,11
"804","Oreoica","Oreoica_gutturalis",2,64.4,67.7
"806","Pachycephala","Pachycephala_olivacea",2,41.1,41.4
"807","Pachycephala","Pachycephala_rufogularis",2,36.9,36.5
"808","Pachycephala","Pachycephala_inornata",2,30.9,30.6
"809","Pachycephala","Pachycephala_simplex",2,16.8,16.6
"810","Pachycephala","Pachycephala_pectoralis",2,26.7,26
"811","Pachycephala","Pachycephala_soror",2,NA,NA
"812","Pachycephala","Pachycephala_schlegelii",2,NA,NA
"813","Pachycephala","Pachycephala_monacha",2,NA,NA
"814","Pachycephala","Pachycephala_rufiventris",2,24.4,24.2
"815","Pachycephala","Pachycephala_lanioides",2,40.9,41
"816","Colluricincla","Colluricincla_megarhyncha",2,35,33.1
"817","Colluricincla","Colluricincla_woodwardi",2,54.9,52.6
"818","Colluricincla","Colluricincla_harmonica",2,69.2,68.4
"823","Cyanocitta","Cyanocitta_cristata",2,72.8,70.5
"824","Cyanocitta","Cyanocitta_stelleri",2,96,92
"825","Aphelocoma","Aphelocoma_coerulescens",2,79.3,74.9
"826","Aphelocoma","Aphelocoma_ultramarina",2,131.5,128.8
"827","Cyanocorax","Cyanocorax_sanblasianus",2,NA,NA
"828","Cyanocorax","Cyanocorax_yncas",2,88.3,76.4
"830","Pica","Pica_pica",2,236,220
"831","Corvus","Corvus_monedula",2,234,215
"832","Corvus","Corvus_splendens",2,317,270
"833","Corvus","Corvus_frugilegus",2,489,418
"834","Corvus","Corvus_brachyrhynchos",2,423,376.4
"835","Corvus","Corvus_corone",2,577,512
"836","Corvus","Corvus_coronoides",2,NA,NA
"837","Corvus","Corvus_mellori",2,62,58.2
"838","Corvus","Corvus_corax",2,1254,1147.1
"841","Manucodia","Manucodia_atra",2,NA,NA
"842","Manucodia","Manucodia_chalybata",2,NA,NA
"843","Manucodia","Manucodia_jobiensis",2,NA,NA
"844","Manucodia","Manucodia_keraudrenii",2,183,NA
"845","Epimachus","Epimachus_albertisi",5,108,NA
"850","Cicinnurus","Cicinnurus_regius",5,53.1,46.9
"854","Paradisaea","Paradisaea_minor",5,NA,NA
"855","Paradisaea","Paradisaea_apoda",5,NA,NA
"856","Paradisaea","Paradisaea_raggiana",5,272,185
"857","Paradisaea","Paradisaea_guilielmi",5,NA,NA
"858","Paradisaea","Paradisaea_rudolphi",5,NA,NA
"859","Cracticus","Cracticus_mentalis",2,NA,NA
"860","Cracticus","Cracticus_torquatus",2,81.3,76.8
"861","Cracticus","Cracticus_cassicus",2,NA,NA
"862","Cracticus","Cracticus_nigrogularis",2,NA,NA
"863","Cracticus","Cracticus_quoyi",2,NA,NA
"876","Coracina","Coracina_novaehollandiae",2,119.6,112.2
"877","Coracina","Coracina_caeruleogrisea",2,NA,NA
"878","Coracina","Coracina_boyeri",2,NA,NA
"879","Coracina","Coracina_papuensis",2,71.6,73.5
"880","Coracina","Coracina_longicauda",2,NA,NA
"881","Coracina","Coracina_tenuirostris",2,NA,NA
"882","Coracina","Coracina_montana",2,NA,NA
"885","Rhipidura","Rhipidura_leucophrys",2,NA,NA
"886","Rhipidura","Rhipidura_rufiventris",2,NA,NA
"887","Rhipidura","Rhipidura_threnothorax",2,NA,NA
"888","Rhipidura","Rhipidura_leucothorax",2,NA,NA
"889","Rhipidura","Rhipidura_atra",2,NA,NA
"890","Rhipidura","Rhipidura_hyperythra",2,NA,NA
"891","Rhipidura","Rhipidura_albolimbata",2,NA,NA
"892","Rhipidura","Rhipidura_fuliginosa",2,7.3,7
"893","Rhipidura","Rhipidura_brachyrhyncha",2,NA,NA
"894","Rhipidura","Rhipidura_rufidorsa",2,NA,NA
"895","Dicrurus","Dicrurus_hottentottus",2,81,74.5
"896","Dicrurus","Dicrurus_bracteatus",2,NA,NA
"911","Bombycilla","Bombycilla_garrulus",2,55,46
"912","Bombycilla","Bombycilla_cedrorum",2,30.8,33.9
"913","Cinclus","Cinclus_leucocephalus",2,45,37
"914","Zoothera","Zoothera_dauma",2,150,155
"915","Sialia","Sialia_sialis",2,27.9,NA
"916","Sialia","Sialia_mexicana",2,25.8,27.1
"917","Sialia","Sialia_currucoides",2,NA,NA
"918","Catharus","Catharus_gracilirostris",2,NA,NA
"919","Catharus","Catharus_aurantiirostris",2,NA,NA
"920","Catharus","Catharus_occidentalis",2,NA,NA
"921","Catharus","Catharus_fuscescens",2,43.3,39.7
"922","Catharus","Catharus_minimus",2,29.7,28.9
"923","Catharus","Catharus_ustulatus",2,29.7,29.9
"924","Catharus","Catharus_guttatus",2,NA,NA
"925","Turdus","Turdus_merula",2,94.6,97.1
"926","Turdus","Turdus_pilaris",2,106.7,103.4
"927","Turdus","Turdus_philomelos",2,73.2,71
"928","Turdus","Turdus_grayi",2,71.3,73.6
"929","Turdus","Turdus_migratorius",2,84.9,75
"930","Ficedula","Ficedula_hypoleuca",3,12.8,11.2
"931","Ficedula","Ficedula_albicollis",3,12.9,12.5
"932","Luscinia","Luscinia_svecica",2,18.2,18.3
"933","Phoenicurus","Phoenicurus_phoenicurus",4,15.2,15.3
"934","Saxicola","Saxicola_torquata",2,14.2,14.8
"935","Saxicola","Saxicola_caprata",2,14.5,15.3
"936","Oenanthe","Oenanthe_oenanthe",3,24.1,23.8
"938","Lamprotornis","Lamprotornis_pulcher",2,68,66.6
"939","Sturnus","Sturnus_roseus",2,79.6,66.9
"940","Sturnus","Sturnus_vulgaris",3,82.7,78.3
"943","Dumetella","Dumetella_carolinensis",2,35.7,39.6
"944","Mimus","Mimus_polyglottos",2,50.5,46.4
"945","Toxostoma","Toxostoma_rufum",2,69,68
"946","Toxostoma","Toxostoma_guttatum",2,NA,NA
"947","Toxostoma","Toxostoma_curvirostre",2,80.9,75.8
"948","Sitta","Sitta_pygmaea",2,10.3,10.5
"949","Sitta","Sitta_pusilla",2,10.1,12.2
"950","Sitta","Sitta_canadensis",2,11,10
"951","Sitta","Sitta_carolinensis",2,NA,NA
"952","Cistothorus","Cistothorus_platensis",4,8.3,7.7
"953","Cistothorus","Cistothorus_palustris",4,10.6,9.4
"954","Thryothorus","Thryothorus_ludovicianus",2,20.3,18.3
"955","Troglodytes","Troglodytes_troglodytes",3,10,7.8
"956","Troglodytes","Troglodytes_aedon",3,10.9,12
"958","Polioptila","Polioptila_caerulea",2,6.1,6.4
"959","Polioptila","Polioptila_melanura",2,5.1,5.3
"960","Parus","Parus_montanus",2,12.1,11.2
"961","Parus","Parus_carolinensis",2,10.1,9.9
"962","Parus","Parus_atricapillus",2,13.5,12.4
"963","Parus","Parus_gambeli",2,11.6,11
"964","Parus","Parus_sclateri",2,10.3,10.3
"965","Parus","Parus_hudsonicus",2,NA,NA
"966","Parus","Parus_ater",2,9.9,9
"967","Parus","Parus_major",2,19.1,17.9
"968","Parus","Parus_caeruleus",2,12.1,11.4
"969","Parus","Parus_wollweberi",2,NA,NA
"970","Parus","Parus_inornatus",2,16.4,15.5
"971","Parus","Parus_bicolor",2,21.7,20.6
"972","Tachycineta","Tachycineta_bicolor",3,21.7,20.7
"974","Progne","Progne_subis",3,50,47
"975","Progne","Progne_chalybea",2,42,42
"977","Riparia","Riparia_riparia",2,12.7,13.6
"978","Hirundo","Hirundo_rustica",3,18.8,19.4
"979","Hirundo","Hirundo_tahitica",2,NA,NA
"980","Hirundo","Hirundo_neoxena",2,NA,NA
"981","Hirundo","Hirundo_pyrrhonota",2,23.9,24.2
"982","Hirundo","Hirundo_nigricans",2,NA,NA
"984","Regulus","Regulus_calendula",2,6.9,6.4
"985","Regulus","Regulus_satrapa",2,6.3,6.1
"986","Pycnonotus","Pycnonotus_barbatus",2,36.8,33.3
"992","Acrocephalus","Acrocephalus_paludicola",4,10.1,10.8
"993","Acrocephalus","Acrocephalus_schoenobaenus",2,12.3,11.5
"994","Acrocephalus","Acrocephalus_scirpaceus",4,11.8,11.8
"995","Acrocephalus","Acrocephalus_palustris",3,12.6,11.4
"996","Acrocephalus","Acrocephalus_arundinaceus",3,32.3,28.4
"997","Acrocephalus","Acrocephalus_stentoreus",3,27.8,26
"998","Phylloscopus","Phylloscopus_trochilus",3,8.9,8.8
"999","Phylloscopus","Phylloscopus_collybita",2,8.2,7.2
"1000","Phylloscopus","Phylloscopus_sibilatrix",3,9.8,10.1
"1003","Cincloramphus","Cincloramphus_cruralis",4,74.8,32.4
"1004","Cincloramphus","Cincloramphus_mathewsi",4,NA,NA
"1006","Sylvia","Sylvia_atricapilla",2,18.1,18
"1007","Sylvia","Sylvia_communis",3,14.6,14.4
"1008","Chersomanes","Chersomanes_albofasciata",2,26.7,22.7
"1009","Eremopterix","Eremopterix_verticalis",2,17,17
"1010","Ammomanes","Ammomanes_grayi",2,22.7,20.2
"1012","Eremalauda","Eremalauda_starki",2,18.5,18.6
"1013","Galerida","Galerida_cristata",2,45.2,44.1
"1014","Alauda","Alauda_arvensis",2,38.2,34.6
"1015","Eremophila","Eremophila_alpestris",2,39.9,36.8
"1026","Passer","Passer_domesticus",2,30.2,30.2
"1027","Passer","Passer_hispaniolensis",2,27.9,27.5
"1028","Passer","Passer_montanus",2,22.6,21.6
"1029","Motacilla","Motacilla_alba",2,21.6,19.9
"1030","Motacilla","Motacilla_flava",2,17.7,17.2
"1031","Anthus","Anthus_novaeseelandiae",2,33.3,31.6
"1032","Anthus","Anthus_pratensis",2,19,19.5
"1033","Anthus","Anthus_spinoletta",2,21.3,20.1
"1034","Anthus","Anthus_rubescens",2,21.6,20.1
"1035","Prunella","Prunella_modularis",1,21.4,21.1
"1036","Ploceus","Ploceus_cucullatus",4,41.3,33.8
"1037","Ploceus","Ploceus_philippinus",4,NA,NA
"1038","Euplectes","Euplectes_orix",4,25.5,20.7
"1039","Amandava","Amandava_amandava",4,10,9.8
"1047","Taeniopygia","Taeniopygia_guttata",2,11.9,11.9
"1056","Vidua","Vidua_paradisaea",5,21.2,19.9
"1057","Fringilla","Fringilla_coelebs",2,22.7,21.7
"1058","Serinus","Serinus_canaria",2,15.2,15.3
"1059","Carduelis","Carduelis_chloris",2,27.2,28.1
"1060","Carduelis","Carduelis_pinus",2,NA,NA
"1061","Carduelis","Carduelis_tristis",2,12.4,11.9
"1062","Carduelis","Carduelis_psaltria",2,8.9,8.8
"1063","Carduelis","Carduelis_carduelis",2,16,14.9
"1064","Carduelis","Carduelis_hornemanni",2,13.6,12.7
"1065","Carduelis","Carduelis_flammea",2,13,13.1
"1066","Carduelis","Carduelis_cannabina",2,19.4,18.5
"1067","Leucosticte","Leucosticte_arctoa",2,NA,NA
"1072","Loxia","Loxia_curvirostra",2,41.2,40.5
"1073","Loxia","Loxia_leucoptera",2,34,31.6
"1075","Emberiza","Emberiza_citrinella",2,29.9,29.5
"1076","Emberiza","Emberiza_cirlus",2,23.9,23.6
"1077","Emberiza","Emberiza_melanocephala",2,29.7,27
"1078","Emberiza","Emberiza_bruniceps",2,25.3,24.2
"1079","Emberiza","Emberiza_schoeniclus",4,19.7,17.9
"1080","Miliaria","Miliaria_calandra",4,52.4,40.9
"1081","Calcarius","Calcarius_mccownii",2,25.4,25
"1082","Calcarius","Calcarius_lapponicus",3,24.4,22.9
"1083","Calcarius","Calcarius_pictus",2,28.5,24.3
"1084","Calcarius","Calcarius_ornatus",2,19.8,20.1
"1085","Plectrophenax","Plectrophenax_nivalis",2,38.7,36
"1086","Calamospiza","Calamospiza_melanocorys",3,36.1,35.9
"1088","Melospiza","Melospiza_melodia",3,25,23.4
"1089","Melospiza","Melospiza_lincolnii",2,19,18.6
"1090","Melospiza","Melospiza_georgiana",2,18.8,NA
"1091","Zonotrichia","Zonotrichia_capensis",2,NA,NA
"1092","Zonotrichia","Zonotrichia_querula",2,37.4,33.7
"1093","Zonotrichia","Zonotrichia_albicollis",2,26.4,25.1
"1094","Zonotrichia","Zonotrichia_leucophrys",3,30.7,27.1
"1095","Zonotrichia","Zonotrichia_atricapilla",2,31.7,32.3
"1096","Junco","Junco_hyemalis",2,18.9,19.2
"1098","Ammodramus","Ammodramus_maritimus",2,24.3,22.2
"1099","Ammodramus","Ammodramus_caudacutus",4,16.8,16.9
"1100","Ammodramus","Ammodramus_leconteii",2,13.8,13.8
"1101","Ammodramus","Ammodramus_bairdii",2,18.9,17.8
"1102","Ammodramus","Ammodramus_savannarum",2,17.7,18.4
"1103","Spizella","Spizella_arborea",2,18.6,17.1
"1104","Spizella","Spizella_passerina",3,12.1,13.4
"1105","Spizella","Spizella_pallida",2,11.7,12.2
"1106","Spizella","Spizella_breweri",2,8.9,9
"1107","Spizella","Spizella_pusilla",3,13.2,13
"1108","Spizella","Spizella_atrogularis",2,11.2,11.2
"1110","Amphispiza","Amphispiza_bilineata",2,14.1,13.4
"1114","Pipilo","Pipilo_chlorurus",2,29,29.4
"1115","Pipilo","Pipilo_erythrophthalmus",2,41.7,39.3
"1116","Pipilo","Pipilo_erythrophthalmus_maculatus",2,38.4,NA
"1117","Pipilo","Pipilo_crissalis",2,51.5,51.1
"1118","Pipilo","Pipilo_fuscus",2,47,43
"1124","Vermivora","Vermivora_chrysoptera",2,9.3,9.3
"1125","Vermivora","Vermivora_peregrina",2,9.6,9.5
"1126","Vermivora","Vermivora_celata",2,8.8,9.6
"1127","Vermivora","Vermivora_ruficapilla",2,8.9,8.6
"1128","Vermivora","Vermivora_virginiae",2,8.1,8.3
"1129","Vermivora","Vermivora_luciae",2,NA,NA
"1155","Setophaga","Setophaga_ruticilla",2,8.6,8.7
"1163","Geothlypis","Geothlypis_trichas",3,10.3,9.9
"1166","Myioborus","Myioborus_pictus",3,9.7,9.9
"1167","Myioborus","Myioborus_miniatus",2,NA,NA
"1174","Icteria","Icteria_virens",2,25.4,24.8
"1175","Coereba","Coereba_flaveola",2,10,9.7
"1176","Piranga","Piranga_flava",2,45,39
"1177","Piranga","Piranga_rubra",2,29.1,29.5
"1178","Piranga","Piranga_olivacea",2,29.3,27.3
"1179","Piranga","Piranga_ludoviciana",2,30.3,29.8
"1180","Ramphocelus","Ramphocelus_passerinii",2,31.9,30.2
"1182","Buthraupis","Buthraupis_montana",2,102,101
"1183","Anisognathus","Anisognathus_igniventris",2,34,33
"1185","Cyanerpes","Cyanerpes_cyaneus",2,13.5,14.8
"1188","Pheucticus","Pheucticus_ludovicianus",2,43.6,45.6
"1189","Pheucticus","Pheucticus_melanocephalus",2,46.1,48.2
"1190","Cardinalis","Cardinalis_cardinalis",2,41.7,41
"1191","Cardinalis","Cardinalis_sinuatus",2,37,37
"1194","Passerina","Passerina_cyanea",4,15,14.4
"1195","Passerina","Passerina_ciris",4,16.6,14.6
"1196","Psarocolius","Psarocolius_decumanus",4,305,154.2
"1197","Psarocolius","Psarocolius_wagleri",4,205.6,117.3
"1199","Cacicus","Cacicus_cela",4,104.6,70.5
"1200","Icterus","Icterus_pectoralis",2,NA,NA
"1201","Icterus","Icterus_galbula",2,36.3,35.2
"1202","Icterus","Icterus_galbula_bullockii",2,37.9,37.8
"1203","Icterus","Icterus_spurius",2,20.7,19.4
"1204","Icterus","Icterus_parisorum",2,36.3,35.1
"1206","Agelaius","Agelaius_phoeniceus",4,57.3,39.6
"1207","Agelaius","Agelaius_tricolor",4,67.5,45.5
"1208","Sturnella","Sturnella_magna",3,98.3,77.5
"1209","Sturnella","Sturnella_neglecta",3,106,89.4
"1210","Oreopsar","Oreopsar_bolivianus",2,73.8,65
"1211","Quiscalus","Quiscalus_mexicanus",4,221.5,115.9
"1212","Quiscalus","Quiscalus_major",4,206.5,111.2
"1213","Quiscalus","Quiscalus_quiscula",2,119.6,92.2
"1214","Euphagus","Euphagus_carolinus",2,64.3,55.2
"1215","Euphagus","Euphagus_cyanocephalus",4,67.2,58.1
"1216","Molothrus","Molothrus_bonariensis",2,40,34.1
"1217","Molothrus","Molothrus_ater",2,47.5,37.6
"1219","Buteo","Buteo_galapagoensis",1,36.9,48
"1220","Jacana","Jacana_jacana",1,143.2,260.7
"1222","Phalaropus","Phalaropus_fulicarius",1,819,724
"1223","Alauda","Alauda_razae",2,990,849
"1224","Anas","Anas_penelope",2,1100,990
"1225","Anas","Anas_strepera",2,278,257
"1226","Aythya","Aythya_americana",2,217,222.7
"1227","Bonasa","Bonasa_sewerzowi",2,903,1295
"1228","Brachyramphus","Brachyramphus_marmoratus",2,3200,1700
"1231","Dendrocygna","Dendrocygna_autumnalis",2,NA,NA
"1232","Forpus","Forpus_passerinus",2,66.4,57.4
"1233","Geospiza","Geospiza_fortis",2,346,527
"1234","Haliaeetus","Haliaeetus_leucocephalus",2,813,849
"1235","Himantopus","Himantopus_mexicanus",2,21.4,26.1
"1236","Larus","Larus_occidentalis",2,26.2,25.8
"1237","Leucosticte","Leucosticte_tephrocotis",2,18.3,NA
"1238","Loxioides","Loxioides_bailleui",2,4130,5350
"1239","Loxops","Loxops_coccineus",2,170.4,168.7
"1240","Merops","Merops_bullockoides",2,108.3,142.8
"1242","Petrochelidon","Petrochelidon_pyrrhonota",2,972.99,799.78
"1243","Philetairus","Philetairus_socius",2,24.1,23.6
"1244","Phoeniculus","Phoeniculus_purpureus",2,38.1,37.6
"1245","Pogonocichla","Pogonocichla_stellata",2,10.6,10.4
"1246","Pyrrhula","Pyrrhula_pyrrhula",2,35.8,33.6
"1247","Quelea","Quelea_quelea",2,176.2,282.4
"1248","Saxicola","Saxicola_rubetra",2,NA,NA
"1249","Serinus","Serinus_serinus",2,13585,2193
"1250","Sterna","Sterna_dougallii",2,23.9,24.15
"1251","Sula","Sula_granti",2,50.8,61
"1252","Cinclus","Cinclus_cinclus",3,27.5,27.3
"1253","Emberiza","Emberiza_hortulana",3,77.3,64
"1254","Vireo","Vireo_atricapilla",3,21.4,20.2
"1255","Lagopus","Lagopus_leucura",4,30.9,31.2
"1256","Actitis","Actitis_macularius",5,19.6,17.9
"1257","Actophilornis","Actophilornis_africanus",5,16.5,16.7
"1258","Centrocercus","Centrocercus_urophasianus",5,3.2,3.67
"1259","Chiroxiphia","Chiroxiphia_lanceolata",5,11.6,12.3
"1260","Circus","Circus_cyaneus",5,114.5,113
"1261","Otis","Otis_tarda",5,2060,1280
"1262","Selasphorus","Selasphorus_platycercus",5,1627,1881
"1265","Tetrax","Tetrax_tetrax",5,211,226
"1266","Vanellus","Vanellus_vanellus",5,9.2,8.5
